Alabama,/find/states/AL/
Alaska,/find/states/AK/
Arizona,/find/states/AZ/
Arkansas,/find/states/AR/
California,/find/states/CA/
Colorado,/find/states/CO/
Connecticut,/find/states/CT/
Delaware,/find/states/DE/
District Of Columbia,/find/states/DC/
Florida,/find/states/FL/
Georgia,/find/states/GA/
Hawaii,/find/states/HI/
Idaho,/find/states/ID/
Illinois,/find/states/IL/
Indiana,/find/states/IN/
Iowa,/find/states/IA/
Kansas,/find/states/KS/
Kentucky,/find/states/KY/
Louisiana,/find/states/LA/
Maine,/find/states/ME/
Maryland,/find/states/MD/
Massachusetts,/find/states/MA/
Michigan,/find/states/MI/
Minnesota,/find/states/MN/
Mississippi,/find/states/MS/
Missouri,/find/states/MO/
Nebraska,/find/states/NE/
Nevada,/find/states/NV/
New Hampshire,/find/states/NH/
New Jersey,/find/states/NJ/
New Mexico,/find/states/NM/
New York,/find/states/NY/
North Carolina,/find/states/NC/
North Dakota,/find/states/ND/
Ohio,/find/states/OH/
Oklahoma,/find/states/OK/
Oregon,/find/states/OR/
Pennsylvania,/find/states/PA/
Puerto Rico,/find/states/PR/
Rhode Island,/find/states/RI/
South Carolina,/find/states/SC/
Tennessee,/find/states/TN/
Texas,/find/states/TX/
Utah,/find/states/UT/
Virginia,/find/states/VA/
Washington,/find/states/WA/
West Virginia,/find/states/WV/
Wisconsin,/find/states/WI/
Wyoming,/find/states/WY/
"Abilene, TX",/find/markets/Abilene-TX-516/
"Akron, OH",/find/markets/Akron-OH-164/
"Albany, GA",/find/markets/Albany-GA-60/
"Albany, NY",/find/markets/Albany-NY-153/
"Albuquerque, NM",/find/markets/Albuquerque-NM-148/
"Allentown, PA",/find/markets/Allentown-PA-193/
"Amarillo, TX",/find/markets/Amarillo-TX-525/
"Anchorage, AK",/find/markets/Anchorage-AK-1/
"Ann Arbor, MI",/find/markets/Ann-Arbor-MI-520/
"Appleton, WI",/find/markets/Appleton-WI-494/
"Asheville, NC",/find/markets/Asheville-NC-129/
"Athens, GA",/find/markets/Athens-GA-532/
"Atlanta, GA",/find/markets/Atlanta-GA-61/
"Auburn, WA",/find/markets/Auburn-WA-533/
"Augusta, GA",/find/markets/Augusta-GA-62/
"Austin, TX",/find/markets/Austin-TX-214/
"Bakersfield, CA",/find/markets/Bakersfield-CA-17/
"Baltimore, MD",/find/markets/Baltimore-MD-102/
"Baton Rouge, LA",/find/markets/Baton-Rouge-LA-96/
"Battle Creek, MI",/find/markets/Battle-Creek-MI-521/
"Beaumont, TX",/find/markets/Beaumont-TX-215/
"Biloxi, MS",/find/markets/Biloxi-MS-120/
"Binghamton, NY",/find/markets/Binghamton-NY-154/
"Birmingham, AL",/find/markets/Birmingham-AL-3/
"Bismarck, ND",/find/markets/Bismarck-ND-135/
"Blacksburg, VA",/find/markets/Blacksburg-VA-495/
"Bloomington, IL",/find/markets/Bloomington-IL-518/
"Boise, ID",/find/markets/Boise-ID-441/
"Boone, NC",/find/markets/Boone-NC-534/
"Boston, MA",/find/markets/Boston-MA-99/
"Bridgeport, CT",/find/markets/Bridgeport-CT-496/
"Bryan, TX",/find/markets/Bryan-TX-275/
"Buffalo, NY",/find/markets/Buffalo-NY-442/
"Canton, OH",/find/markets/Canton-OH-407/
"Cedar Rapids, IA",/find/markets/Cedar-Rapids-IA-73/
"Charleston, SC",/find/markets/Charleston-SC-202/
"Charlotte, NC",/find/markets/Charlotte-NC-130/
"Chattanooga, TN",/find/markets/Chattanooga-TN-205/
"Cheyenne, WY",/find/markets/Cheyenne-WY-409/
"Chicago, IL",/find/markets/Chicago-IL-84/
"Chillicothe, OH",/find/markets/Chillicothe-OH-167/
"Cincinnati, OH",/find/markets/Cincinnati-OH-168/
"Cleveland, OH",/find/markets/Cleveland-OH-169/
"Colorado Springs, CO",/find/markets/Colorado-Springs-CO-36/
"Columbia, SC",/find/markets/Columbia-SC-203/
"Columbia Jefferson City, MO",/find/markets/Columbia-Jefferson-City-MO-497/
"Columbus, GA",/find/markets/Columbus-GA-63/
"Columbus, OH",/find/markets/Columbus-OH-170/
"Columbus Starkville, MS",/find/markets/Columbus-Starkville-MS-498/
"Corpus Christi, TX",/find/markets/Corpus-Christi-TX-217/
"Dallas, TX",/find/markets/Dallas-TX-218/
"Danbury, CT",/find/markets/Danbury-CT-499/
"Davenport, IA",/find/markets/Davenport-IA-74/
"Dayton, OH",/find/markets/Dayton-OH-171/
"Defiance, OH",/find/markets/Defiance-OH-172/
"Denver, CO",/find/markets/Denver-CO-37/
"Des Moines, IA",/find/markets/Des-Moines-IA-75/
"Detroit, MI",/find/markets/Detroit-MI-111/
"Dickinson, ND",/find/markets/Dickinson-ND-136/
"Dubuque, IA",/find/markets/Dubuque-IA-500/
"Eau Claire, WI",/find/markets/Eau-Claire-WI-250/
"El Paso, TX",/find/markets/El-Paso-TX-219/
"Erie, PA",/find/markets/Erie-PA-443/
"Eugene-Springfield, OR",/find/markets/Eugene-Springfield-OR-524/
"Fairbanks, AK",/find/markets/Fairbanks-AK-2/
"Faribault, MN",/find/markets/Faribault-MN-501/
"Farmington, NM",/find/markets/Farmington-NM-149/
"Fayetteville, AR",/find/markets/Fayetteville-AR-10/
"Fayetteville, NC",/find/markets/Fayetteville-NC-502/
"Flint, MI",/find/markets/Flint-MI-444/
"Florence, SC",/find/markets/Florence-SC-503/
"Florida Keys, FL",/find/markets/Florida-Keys-FL-45/
"Fort Collins, CO",/find/markets/Fort-Collins-CO-296/
"Fort Myers, FL",/find/markets/Fort-Myers-FL-46/
"Fort Smith, AR",/find/markets/Fort-Smith-AR-264/
"Fort Walton Beach, FL",/find/markets/Fort-Walton-Beach-FL-504/
"Fort Wayne, IN",/find/markets/Fort-Wayne-IN-413/
"Frederick, MD",/find/markets/Frederick-MD-103/
"Fresno, CA",/find/markets/Fresno-CA-19/
"Gadsden, AL",/find/markets/Gadsden-AL-4/
"Gainesville, GA",/find/markets/Gainesville-GA-530/
"Gallup, NM",/find/markets/Gallup-NM-150/
"Grand Forks, ND",/find/markets/Grand-Forks-ND-138/
"Grand Rapids, MI",/find/markets/Grand-Rapids-MI-112/
"Green Bay, WI",/find/markets/Green-Bay-WI-505/
"Greensboro-Winston-Salem-High Point, NC",/find/markets/Greensboro-Winston-Salem-High-131/
"Greenville, SC",/find/markets/Greenville-SC-204/
"Greenville-New Bern-Jacksonville, NC",/find/markets/Greenville-New-Bern-Jacksonvil-529/
"Hanover, NH",/find/markets/Hanover-NH-536/
"Harrisburg, PA",/find/markets/Harrisburg-PA-194/
"Harrisonburg, VA",/find/markets/Harrisonburg-VA-234/
"Hartford, CT",/find/markets/Hartford-CT-40/
"Henderson, TN",/find/markets/Henderson-TN-537/
"Honolulu, HI",/find/markets/Honolulu-HI-70/
"Houston, TX",/find/markets/Houston-TX-220/
"Huntington, WV",/find/markets/Huntington-WV-254/
"Huntsville, AL",/find/markets/Huntsville-AL-5/
"Indianapolis, IN",/find/markets/Indianapolis-IN-87/
"Ithaca, NY",/find/markets/Ithaca-NY-535/
"Jackson, MS",/find/markets/Jackson-MS-121/
"Jacksonville, FL",/find/markets/Jacksonville-FL-48/
"Johnson City-Kingsport-Bristol, TN",/find/markets/Johnson-City-Kingsport-Bristol-445/
"Kalamazoo, MI",/find/markets/Kalamazoo-MI-506/
"Kansas City, MO",/find/markets/Kansas-City-MO-540/
"Kansas City, KS",/find/markets/Kansas-City-KS-507/
"Knoxville, TN",/find/markets/Knoxville-TN-446/
"Kokomo, IN",/find/markets/Kokomo-IN-447/
"Lafayette, LA",/find/markets/Lafayette-LA-448/
"Lake Charles, LA",/find/markets/Lake-Charles-LA-508/
"Lancaster, PA",/find/markets/Lancaster-PA-517/
"Lancaster, CA",/find/markets/Lancaster-CA-20/
"Lansing, MI",/find/markets/Lansing-MI-449/
"Las Vegas, NV",/find/markets/Las-Vegas-NV-152/
"Laurel, MS",/find/markets/Laurel-MS-122/
"Lexington, KY",/find/markets/Lexington-KY-91/
"Lima, OH",/find/markets/Lima-OH-175/
"Little Rock, AR",/find/markets/Little-Rock-AR-13/
"Long Island, NY",/find/markets/Long-Island-NY-322/
"Los Angeles, CA",/find/markets/Los-Angeles-CA-21/
"Louisville, KY",/find/markets/Louisville-KY-92/
"Macon, GA",/find/markets/Macon-GA-67/
"Madison, WI",/find/markets/Madison-WI-251/
"Manchester, NH",/find/markets/Manchester-NH-144/
"Mansfield, OH",/find/markets/Mansfield-OH-176/
"Marion, OH",/find/markets/Marion-OH-177/
"McAllen, TX",/find/markets/McAllen-TX-325/
"Melbourne, FL",/find/markets/Melbourne-FL-49/
"Memphis, TN",/find/markets/Memphis-TN-209/
"Miami, FL",/find/markets/Miami-FL-50/
"Middlesex-Somerset-Union, NJ",/find/markets/Middlesex-Somerset-Union-NJ-419/
"Milwaukee, WI",/find/markets/Milwaukee-WI-252/
"Minneapolis, MN",/find/markets/Minneapolis-MN-116/
"Minot, ND",/find/markets/Minot-ND-139/
"Mobile, AL",/find/markets/Mobile-AL-6/
"Modesto, CA",/find/markets/Modesto-CA-22/
"Monmouth-Ocean, NJ",/find/markets/Monmouth-Ocean-NJ-421/
"Monterey, CA",/find/markets/Monterey-CA-24/
"Montgomery, AL",/find/markets/Montgomery-AL-7/
"Morristown-Northern, NJ",/find/markets/Morristown-Northern-NJ-423/
"Muncie, IN",/find/markets/Muncie-IN-450/
"Muskegon, MI",/find/markets/Muskegon-MI-451/
"Myrtle Beach, SC",/find/markets/Myrtle-Beach-SC-509/
"Nashville, TN",/find/markets/Nashville-TN-210/
National,/find/markets/National-402/
"New Bedford-Fall River, MA",/find/markets/New-Bedford-Fall-River-MA-452/
"New Haven, CT",/find/markets/New-Haven-CT-41/
"New London, CT",/find/markets/New-London-CT-453/
"New Orleans, LA",/find/markets/New-Orleans-LA-97/
"New York, NY",/find/markets/New-York-NY-159/
"Norfolk, VA",/find/markets/Norfolk-VA-236/
"Ogallala, NE",/find/markets/Ogallala-NE-141/
"Oklahoma City, OK",/find/markets/Oklahoma-City-OK-187/
"Omaha, NE",/find/markets/Omaha-NE-142/
"Orlando, FL",/find/markets/Orlando-FL-51/
"Oxnard, CA",/find/markets/Oxnard-CA-510/
"Panama City, FL",/find/markets/Panama-City-FL-52/
"Parkersburg, WV",/find/markets/Parkersburg-WV-255/
"Pensacola, FL",/find/markets/Pensacola-FL-511/
"Peoria, IL",/find/markets/Peoria-IL-528/
"Philadelphia, PA",/find/markets/Philadelphia-PA-196/
"Phoenix, AZ",/find/markets/Phoenix-AZ-14/
"Pittsburgh, PA",/find/markets/Pittsburgh-PA-197/
"Portland, ME",/find/markets/Portland-ME-454/
"Portland, OR",/find/markets/Portland-OR-192/
"Portsmouth, NH",/find/markets/Portsmouth-NH-145/
"Poughkeepsie, NY",/find/markets/Poughkeepsie-NY-160/
"Providence, RI",/find/markets/Providence-RI-201/
"Pueblo, CO",/find/markets/Pueblo-CO-39/
"Raleigh, NC",/find/markets/Raleigh-NC-132/
"Reading, PA",/find/markets/Reading-PA-198/
"Reno, NV",/find/markets/Reno-NV-455/
"Richmond, VA",/find/markets/Richmond-VA-237/
"Riverside, CA",/find/markets/Riverside-CA-25/
"Roanoke, VA",/find/markets/Roanoke-VA-238/
"Rochester, NY",/find/markets/Rochester-NY-161/
"Rochester, MN",/find/markets/Rochester-MN-117/
"Rockford, IL",/find/markets/Rockford-IL-519/
"Sacramento, CA",/find/markets/Sacramento-CA-26/
"Saginaw, MI",/find/markets/Saginaw-MI-456/
"Saint Louis, MO",/find/markets/Saint-Louis-MO-119/
"Salisbury, MD",/find/markets/Salisbury-MD-104/
"Salt Lake City, UT",/find/markets/Salt-Lake-City-UT-232/
"San Antonio, TX",/find/markets/San-Antonio-TX-226/
"San Diego, CA",/find/markets/San-Diego-CA-27/
"San Francisco, CA",/find/markets/San-Francisco-CA-28/
"San Jose, CA",/find/markets/San-Jose-CA-29/
"San Juan, PR",/find/markets/San-Juan-PR-404/
"Santa Barbara, CA",/find/markets/Santa-Barbara-CA-31/
"Sarasota, FL",/find/markets/Sarasota-FL-56/
"Savannah, GA",/find/markets/Savannah-GA-69/
"Seattle, WA",/find/markets/Seattle-WA-245/
"Shreveport, LA",/find/markets/Shreveport-LA-512/
"Sioux City, IA",/find/markets/Sioux-City-IA-79/
"Somerset, KY",/find/markets/Somerset-KY-94/
"South Bend, IN",/find/markets/South-Bend-IN-431/
"Spartanburg, SC",/find/markets/Spartanburg-SC-433/
"Spokane, WA",/find/markets/Spokane-WA-246/
"Springfield, MO",/find/markets/Springfield-MO-118/
"Springfield, MA",/find/markets/Springfield-MA-100/
"Stockton, CA",/find/markets/Stockton-CA-457/
"Sussex, NJ",/find/markets/Sussex-NJ-147/
"Syracuse, NY",/find/markets/Syracuse-NY-162/
"Tallahassee, FL",/find/markets/Tallahassee-FL-57/
"Tampa, FL",/find/markets/Tampa-FL-58/
"Terre Haute, IN",/find/markets/Terre-Haute-IN-531/
"Toledo, OH",/find/markets/Toledo-OH-182/
"Topeka, KS",/find/markets/Topeka-KS-513/
"Tucson, AZ",/find/markets/Tucson-AZ-15/
"Tulsa, OK",/find/markets/Tulsa-OK-188/
"Tuscaloosa, AL",/find/markets/Tuscaloosa-AL-9/
"Waco, TX",/find/markets/Waco-TX-230/
"Warsaw, IN",/find/markets/Warsaw-IN-437/
"Washington, DC",/find/markets/Washington-DC-42/
"Waterloo-Cedar Falls, IA",/find/markets/Waterloo-Cedar-Falls-IA-527/
"West Palm Beach, FL",/find/markets/West-Palm-Beach-FL-59/
"Westchester, NY",/find/markets/Westchester-NY-523/
"Wheeling, WV",/find/markets/Wheeling-WV-256/
"Wichita, KS",/find/markets/Wichita-KS-88/
"Wichita Falls, TX",/find/markets/Wichita-Falls-TX-526/
"Wilkes Barre-Scranton, PA",/find/markets/Wilkes-Barre-Scranton-PA-458/
"Williamsport, PA",/find/markets/Williamsport-PA-200/
"Wilmington, NC",/find/markets/Wilmington-NC-522/
"Wilmington, DE",/find/markets/Wilmington-DE-44/
"Winchester, VA",/find/markets/Winchester-VA-240/
"Wooster, OH",/find/markets/Wooster-OH-538/
"Worcester, MA",/find/markets/Worcester-MA-101/
"York, PA",/find/markets/York-PA-514/
"Youngstown, OH",/find/markets/Youngstown-OH-185/
